league_slug,league_name,scope,team,matches,hq_shot_volume,shot_quality_variance,counter_attack_shot_ratio,set_piece_reliance,assisted_flow_ratio,box_dominance_ratio,sustained_pressure_index,momentum_correlation,momentum_auc,momentum_symmetry,basketball_index,cluster_id,distance_to_centroid,cluster_size,k_effective,k_selection_reason
england_premier_league,England Premier League,by_league,arsenal,29,3.5172413793103448,0.11941951998865562,0.06305408193339226,0.26508434319793345,0.49865512445634147,0.7028922210311662,12.067043727636769,0.0171643944097147,1524.7327586206898,-0.42529772446709696,12.793103448275861,1,3.8560686485776556,7,3,auto_valid_constraints
england_premier_league,England Premier League,by_league,aston_villa,28,2.0357142857142856,0.10216925846497435,0.07193327311499578,0.2770305159748437,0.4899799099904142,0.6133798983851505,5.893722866152305,0.06756851921494318,1136.5089285714287,-0.44151347368545724,16.464285714285715,0,2.288002622326072,11,3,auto_valid_constraints
england_premier_league,England Premier League,by_league,bournemouth,29,2.586206896551724,0.14566176116425236,0.08444320498073032,0.21983690469998785,0.4766387573436255,0.6013129506283664,3.5506936330985517,-0.016541069152050267,1156.603448275862,-0.4560166195388148,15.344827586206897,1,2.6493504830412293,7,3,auto_valid_constraints
england_premier_league,England Premier League,by_league,brentford,29,3.103448275862069,0.1439890189631728,0.14146874648903046,0.238003997917791,0.32684856556560404,0.7542837881073176,2.0720262116179966,0.018881620201582013,1003.1810344827586,-0.43814837800059026,15.551724137931034,2,1.3875664854651035,2,3,auto_valid_constraints
england_premier_league,England Premier League,by_league,brighton_&_hove_albion,28,2.25,0.13349035059695644,0.04636001836632088,0.21540181632093394,0.5301384423233163,0.6428325526014601,5.178040165779793,0.050330503282622334,1146.392857142857,-0.4561827389762327,17.214285714285715,1,3.2321469641843072,7,3,auto_valid_constraints
england_premier_league,England Premier League,by_league,burnley,29,1.3103448275862069,0.10063386325661472,0.05960715529681047,0.32409975082388875,0.41865797038210834,0.5979175517968621,-5.520110858171203,0.14937644770141664,616.4913793103449,-0.425381706601218,13.517241379310345,0,4.315182446030183,11,3,auto_valid_constraints
england_premier_league,England Premier League,by_league,chelsea,28,3.357142857142857,0.1717272254733236,0.09047728357077094,0.2446382320870932,0.5038641629820865,0.6622011134229179,8.790572198665894,0.05489156495914555,1344.294642857143,-0.44792862962653957,15.285714285714286,1,2.103885900826548,7,3,auto_valid_constraints
england_premier_league,England Premier League,by_league,crystal_palace,28,3.0,0.13185065903126666,0.09290739022881879,0.24569889435960862,0.40078517712446277,0.7369360302396017,-1.378867123286766,0.05177249358111112,856.375,-0.4356013256646035,16.107142857142858,2,1.3875664854651035,2,3,auto_valid_constraints
england_premier_league,England Premier League,by_league,everton,29,2.3448275862068964,0.11789586082566886,0.03726538280290815,0.3147915950400737,0.4483863246287181,0.7040632654476467,1.5917058755420823,0.07185323741742816,939.8793103448276,-0.4428124072180644,15.655172413793103,0,2.471131993498066,11,3,auto_valid_constraints
england_premier_league,England Premier League,by_league,fulham,28,2.357142857142857,0.10382105870965139,0.06452213461142033,0.23639123190068564,0.5137985409781628,0.6635732352381513,0.20601195609004616,0.040195583830569474,927.0357142857143,-0.4474555318338203,15.642857142857142,0,1.8228269702416946,11,3,auto_valid_constraints
england_premier_league,England Premier League,by_league,leeds_united,28,2.4642857142857144,0.13906440908562903,0.07314741747514855,0.2745583252010165,0.3828311241071081,0.6625854292152391,1.0561701264347698,0.02386922560878645,1023.4196428571429,-0.43936935805285876,14.821428571428571,0,2.207068931985252,11,3,auto_valid_constraints
england_premier_league,England Premier League,by_league,liverpool,29,3.0344827586206895,0.11670126785985592,0.09422192325492995,0.20500348683821767,0.5490558942815593,0.6291905081210216,10.509095485952548,-0.04397101076160376,1461.2413793103449,-0.4439358530401345,14.482758620689655,1,2.3403575670802805,7,3,auto_valid_constraints
england_premier_league,England Premier League,by_league,manchester_city,28,3.5,0.14386704120934227,0.08467752991885011,0.19349623804144453,0.5844404091721555,0.7065829718641815,9.250293460888987,0.02760202728785393,1370.955357142857,-0.4350099136093684,14.964285714285714,1,2.083187417979316,7,3,auto_valid_constraints
england_premier_league,England Premier League,by_league,manchester_united,28,3.4642857142857144,0.12709143519296512,0.05817614133927614,0.21864389419833333,0.5314711506710045,0.6424412219534616,6.836020373522201,0.10815393491379903,1345.8214285714287,-0.43559602820898774,16.321428571428573,1,2.3730348352353423,7,3,auto_valid_constraints
england_premier_league,England Premier League,by_league,newcastle_united,28,2.892857142857143,0.11684672762346304,0.061942319867463604,0.334917884617962,0.43776379110716795,0.6166064074691341,4.9932566908943175,-0.028005363306839302,1332.9642857142858,-0.45622109643501635,15.714285714285714,0,3.4760471529503647,11,3,auto_valid_constraints
england_premier_league,England Premier League,by_league,nottingham_forest,28,1.75,0.09605825022413636,0.08530795691482332,0.23292615460489188,0.5034046613063088,0.594191031829245,2.067947427381168,-0.05605443739611321,1051.5625,-0.4439577529646727,15.75,0,2.7713758526493235,11,3,auto_valid_constraints
england_premier_league,England Premier League,by_league,sunderland,28,1.5714285714285714,0.10277481434305122,0.06094566614524598,0.2750955627006047,0.41975295362900406,0.6690096726336222,-4.749544492427895,-0.01695373341684064,826.4732142857143,-0.45289842333675273,14.857142857142858,0,2.172359956994963,11,3,auto_valid_constraints
england_premier_league,England Premier League,by_league,tottenham_hotspur,28,1.6785714285714286,0.07931198780137952,0.03907585470085469,0.24941130298273156,0.5104488269666841,0.6649245595674167,-0.5323713278289167,0.044893100914722366,1000.9196428571429,-0.43741515659234326,15.285714285714286,0,2.3129216936356274,11,3,auto_valid_constraints
england_premier_league,England Premier League,by_league,west_ham_united,28,2.2142857142857144,0.12349949303641009,0.10962237167594309,0.28763794562113887,0.4367357665676993,0.6388901277294134,-3.5569702934592633,0.015881041530923887,737.2321428571429,-0.4316892044867634,15.071428571428571,0,2.444891989450304,11,3,auto_valid_constraints
england_premier_league,England Premier League,by_league,wolverhampton,30,1.2666666666666666,0.11356386151629715,0.06959763820057938,0.25442486435133493,0.5008452413599472,0.6366826066090773,-6.078949074958266,-0.03015627931004329,676.6166666666667,-0.43003077103841897,14.9,0,2.6110769732130312,11,3,auto_valid_constraints
france_ligue_1,France Ligue 1,by_league,angers,24,1.7083333333333333,0.10239858558555587,0.13479662698412695,0.1805469346829641,0.4800406905186317,0.6110103574257987,-6.734875300183205,-0.0048847290063058395,629.4479166666666,-0.41666691541106776,14.5,0,3.391428990438265,8,2,auto_valid_constraints
france_ligue_1,France Ligue 1,by_league,as_monaco,24,3.2083333333333335,0.15072934395174956,0.07309815120380135,0.2244307238599034,0.5031609359637611,0.6950526880383691,5.715905485484708,-0.018915384763363678,1131.1875,-0.4465979339207129,17.5,1,2.48449676405836,10,2,auto_valid_constraints
france_ligue_1,France Ligue 1,by_league,auxerre,24,1.8333333333333333,0.12461320482649418,0.12792191969823546,0.2461454298625351,0.4323047992455887,0.6340431254904939,-0.8266329484558651,-0.13182518028958687,856.0729166666666,-0.43047608871477316,15.833333333333334,0,2.4582754564419025,8,2,auto_valid_constraints
france_ligue_1,France Ligue 1,by_league,le_havre,24,1.7916666666666667,0.13139352601554968,0.0977833509083509,0.2882989219386278,0.43269398085574556,0.5604839808883927,-0.8492724102558661,0.028417295780507248,925.5208333333334,-0.43613138023156894,17.541666666666668,0,2.4495293597161725,8,2,auto_valid_constraints
france_ligue_1,France Ligue 1,by_league,lille,24,3.1666666666666665,0.11827127794097819,0.05946592614191718,0.27279886581756785,0.5211659508614431,0.6184257020094616,8.883319479155533,-0.10437926545087617,1310.8645833333333,-0.44168645179852634,17.0,1,2.9729897840458235,10,2,auto_valid_constraints
france_ligue_1,France Ligue 1,by_league,lorient,24,2.125,0.13284854496684811,0.06232670766339496,0.2918831737851794,0.48392807853157493,0.6183259770125852,1.4472398533423878,0.04809122551700887,867.5416666666666,-0.41833701406671936,16.791666666666668,0,2.805020920248439,8,2,auto_valid_constraints
france_ligue_1,France Ligue 1,by_league,metz,24,1.5833333333333333,0.1180311221476771,0.11312830687830688,0.23889912171162173,0.4619811901061901,0.5460007006882007,-0.3002735295183221,0.03937174403503074,799.9270833333334,-0.4282546036438793,15.416666666666666,0,1.7497239218695895,8,2,auto_valid_constraints
france_ligue_1,France Ligue 1,by_league,nantes,24,1.875,0.10108176988656907,0.10286692474192473,0.24866227522477521,0.4283363627113627,0.5727497039997039,-6.131869604501344,-0.013924031729749977,639.84375,-0.41388132641822994,16.583333333333332,0,1.9731168933913217,8,2,auto_valid_constraints
france_ligue_1,France Ligue 1,by_league,nice,24,2.2916666666666665,0.13469870538324882,0.11587007835072849,0.23635678512806993,0.4959157536363419,0.6357475549619512,-4.109419291011945,-0.008602303203643032,894.0416666666666,-0.4360885740780495,17.75,0,2.1177562524505853,8,2,auto_valid_constraints
france_ligue_1,France Ligue 1,by_league,olympique_de_marseille,24,2.875,0.15760977693829728,0.07226648342776858,0.22044929321985451,0.5599403248007956,0.5710865101269261,8.700785462721738,0.01980894435261811,1367.3125,-0.4286515281484112,16.041666666666668,1,1.6511977061580907,10,2,auto_valid_constraints
france_ligue_1,France Ligue 1,by_league,olympique_lyonnais,24,2.875,0.15107659816016697,0.09370688704570283,0.24674130924698076,0.497399652634453,0.6549626076140368,5.363525045302732,-0.10975774402074516,1091.5,-0.43085558297209886,15.875,1,2.3047508502648753,10,2,auto_valid_constraints
france_ligue_1,France Ligue 1,by_league,paris_fc,24,2.25,0.13504063037449318,0.0913934445184445,0.18538162545515482,0.548884057799499,0.584697505653388,1.3622898372072498,0.024042279503089143,979.0104166666666,-0.42114937260728486,16.708333333333332,1,2.678918075080738,10,2,auto_valid_constraints
france_ligue_1,France Ligue 1,by_league,paris_saint-germain,24,4.208333333333333,0.144219969874086,0.044911783542826746,0.20921094526987705,0.6258428765244158,0.5529552490707201,18.007817303634823,-0.0402727149288016,1885.2916666666667,-0.39076891354271237,13.041666666666666,1,6.071871949591605,10,2,auto_valid_constraints
france_ligue_1,France Ligue 1,by_league,rc_lens,24,3.9166666666666665,0.15551158028820464,0.10047466404567795,0.2450536174423558,0.5299091047339887,0.693698721084557,5.219258571442731,-0.07655024371762142,1161.4270833333333,-0.4424952451682094,17.125,1,2.922665241474817,10,2,auto_valid_constraints
france_ligue_1,France Ligue 1,by_league,rc_strasbourg,24,2.8333333333333335,0.157079571903435,0.04955102767602767,0.2465366809116809,0.5457353988603989,0.6546372608872609,3.2668201455180625,0.04958239481284021,1057.9270833333333,-0.42397911346238115,17.833333333333332,1,2.22976706053966,10,2,auto_valid_constraints
france_ligue_1,France Ligue 1,by_league,stade_brestois,24,2.25,0.17021828273225478,0.050256167443667434,0.2314219516984862,0.5018010664030484,0.615559118524272,0.09087236413869541,0.11151191244824533,850.84375,-0.42211578385971665,16.666666666666668,1,3.245805237905421,10,2,auto_valid_constraints
france_ligue_1,France Ligue 1,by_league,stade_rennais,24,2.7083333333333335,0.131213624094246,0.06814788453720341,0.22041750210287359,0.5480647036858337,0.5466450456291788,2.9223368873036066,0.029687950487922582,1059.3541666666667,-0.4416293945293788,16.333333333333332,1,2.338085169337473,10,2,auto_valid_constraints
france_ligue_1,France Ligue 1,by_league,toulouse,24,2.1666666666666665,0.1315167466876727,0.09320511664261662,0.2229796431426866,0.43203270813325156,0.6397051549497202,1.1950018176638604,0.014962713121703969,959.625,-0.4263940554579735,15.875,0,1.6726682221779574,8,2,auto_valid_constraints
germany_bundesliga,Germany Bundesliga,by_league,1._fc_heidenheim,24,2.5416666666666665,0.12001552024370622,0.07047483952725887,0.2975786627500337,0.42111091193752487,0.6815593922952794,-4.48232107212282,0.03188561729091979,799.6979166666666,-0.4314329688865614,15.875,0,1.1203739556237802,5,3,auto_valid_constraints
germany_bundesliga,Germany Bundesliga,by_league,1._fc_köln,24,2.5,0.11339990576717447,0.10088717140347574,0.2574349253911611,0.4185459962848406,0.6617237620312563,2.4236899243341132,-0.10563831351321092,934.8125,-0.4498630966218002,16.333333333333332,1,2.5482325538283264,6,3,auto_valid_constraints
germany_bundesliga,Germany Bundesliga,by_league,1._fc_union_berlin,24,2.4583333333333335,0.11609946321762786,0.0755623019409784,0.4084735219845514,0.343657867187279,0.6861313591093002,-3.99125296941167,-0.005285705211848883,818.875,-0.4480286360429205,17.208333333333332,0,2.514959777240287,5,3,auto_valid_constraints
germany_bundesliga,Germany Bundesliga,by_league,1._fsv_mainz_05,24,2.5416666666666665,0.1348455219559103,0.06420230776848423,0.30445233122284204,0.40400086991611756,0.7188833941542919,-1.6401147488586216,-0.0748842092739657,912.0,-0.43426055853349793,17.458333333333332,0,1.704534881058156,5,3,auto_valid_constraints
germany_bundesliga,Germany Bundesliga,by_league,bayer_04_leverkusen,24,3.0,0.13402950388292253,0.10177670914210152,0.24331771315685705,0.5173660108082642,0.6022536948775339,7.102099232578941,-0.08992449302479383,1331.641304347826,-0.4400029120251034,16.91304347826087,2,2.341226768102551,7,3,auto_valid_constraints
germany_bundesliga,Germany Bundesliga,by_league,borussia_dortmund,24,3.0833333333333335,0.1512301962772055,0.07959748381897504,0.25980752503907817,0.4829984300782159,0.6959774543124001,7.5525183753336975,0.012505291398287967,1196.3020833333333,-0.4386521883387802,17.291666666666668,2,1.628335392187898,7,3,auto_valid_constraints
germany_bundesliga,Germany Bundesliga,by_league,borussia_m'gladbach,24,2.25,0.11865363716247235,0.06956995550745548,0.2260342220916911,0.43599242157194945,0.6644930431840261,-3.6691116112905657,-0.06432493738040694,893.2708333333334,-0.43817626189139053,15.583333333333334,0,2.0470383652430724,5,3,auto_valid_constraints
germany_bundesliga,Germany Bundesliga,by_league,eintracht_frankfurt,24,2.5,0.12772896406178708,0.06370843459659248,0.20391266871530025,0.5532161308477098,0.5939695690518059,3.039370631297714,0.14216195261845613,1064.4479166666667,-0.43834679903409474,16.5,2,3.032907083212072,7,3,auto_valid_constraints
germany_bundesliga,Germany Bundesliga,by_league,fc_augsburg,24,2.0,0.10483942898767908,0.0869232789269554,0.20635489238430413,0.4753007239220474,0.5352607870071106,-1.26397875567606,0.013030035031005935,928.03125,-0.4422758008454401,18.291666666666668,1,2.034380366236678,6,3,auto_valid_constraints
germany_bundesliga,Germany Bundesliga,by_league,fc_bayern_münchen,24,5.375,0.18097041115893953,0.08070037702713138,0.16716996321544375,0.5981446495843902,0.6817226137353902,19.27841814435344,0.002618316288679081,1911.5833333333333,-0.42562936986158717,14.291666666666666,2,5.144907144679751,7,3,auto_valid_constraints
germany_bundesliga,Germany Bundesliga,by_league,fc_st._pauli,25,1.32,0.10090194640950152,0.09494482233452821,0.24627244691582925,0.48712308592823295,0.5241396913271913,-1.631989315604512,-0.012991954813543377,866.6979166666666,-0.4155571163083027,16.916666666666668,1,2.6272388372767317,6,3,auto_valid_constraints
germany_bundesliga,Germany Bundesliga,by_league,hamburger_sv,24,1.9583333333333333,0.09938213558930667,0.1072446353968093,0.21647000342652517,0.5012360747143356,0.5690208945643728,-0.4750248550429706,-0.0034886777434754556,943.4891304347826,-0.4511654034478367,15.91304347826087,1,1.7523536426306017,6,3,auto_valid_constraints
germany_bundesliga,Germany Bundesliga,by_league,rb_leipzig,25,3.6,0.1345251001869686,0.07605989516302981,0.2441411162725017,0.5257796000152811,0.6782591634371821,5.42326469329783,0.032124805324413176,1294.28125,-0.45113281796404636,15.875,2,1.587934993873563,7,3,auto_valid_constraints
germany_bundesliga,Germany Bundesliga,by_league,sc_freiburg,24,2.3333333333333335,0.13501794919549395,0.0567832228158315,0.3225147663327011,0.3843143269773704,0.6768894375551984,2.946757496604643,0.08828427565831957,1110.3854166666667,-0.42961960172054053,15.25,0,2.2748031634659287,5,3,auto_valid_constraints
germany_bundesliga,Germany Bundesliga,by_league,sv_werder_bremen,25,2.0,0.10665020152586403,0.11101347590318177,0.22783667177049527,0.4542344909991969,0.5615681057776646,1.2771798650015562,-0.15376971943467407,993.6666666666666,-0.44437456797900493,16.916666666666668,1,1.956889670918518,6,3,auto_valid_constraints
germany_bundesliga,Germany Bundesliga,by_league,tsg_hoffenheim,25,3.0,0.12758499060148243,0.10161508569403305,0.2567398299441643,0.48441971914108134,0.6576003896630832,5.9172364049969834,0.04508679554293426,1277.90625,-0.45246853070401755,19.166666666666668,2,3.093833736325429,7,3,auto_valid_constraints
germany_bundesliga,Germany Bundesliga,by_league,vfb_stuttgart,24,3.1666666666666665,0.1305395536860187,0.07578601953601952,0.17432668917769537,0.5769076372114298,0.6961981078418772,8.629964154297058,0.015518736137637488,1521.3958333333333,-0.4404692498992658,16.958333333333332,2,1.549210931037529,7,3,auto_valid_constraints
germany_bundesliga,Germany Bundesliga,by_league,vfl_wolfsburg,24,2.5833333333333335,0.12148168316588466,0.10894845894845893,0.20000173437673432,0.533356573981574,0.5722939097939098,-5.251092349009016,0.015304005300450244,743.28125,-0.42379768775641,15.958333333333334,1,2.4392675038828004,6,3,auto_valid_constraints
italy_serie_a,Italy Serie A,by_league,atalanta,27,2.6666666666666665,0.11449886269220724,0.0930373385136264,0.23674843137747775,0.5296799087235073,0.6896194960246654,5.2531265073814835,-0.02874016431251105,1303.0648148148148,-0.43154177750598594,17.88888888888889,0,2.7544772012346286,8,2,auto_valid_constraints
italy_serie_a,Italy Serie A,by_league,bologna,28,1.7857142857142858,0.12118645625236608,0.06069624819624818,0.28692011302164555,0.5004901973292778,0.5471121311638553,5.224647350803396,0.06778565329971967,1176.287037037037,-0.43070729174487643,17.14814814814815,1,2.3747142570342126,12,2,auto_valid_constraints
italy_serie_a,Italy Serie A,by_league,cagliari,27,1.5925925925925926,0.10484421262513217,0.10480894075665316,0.31903725661895593,0.44784226908409913,0.5341665657025134,-4.115319548018349,0.0670607457367227,710.1111111111111,-0.43359053794463237,16.88888888888889,1,2.1435224017329046,12,2,auto_valid_constraints
italy_serie_a,Italy Serie A,by_league,como,29,2.5517241379310347,0.14391391828584704,0.08233401031818642,0.22499099977600145,0.5620495947121333,0.6166873113381541,7.7952028728659855,-0.03657078940847029,1385.3055555555557,-0.42780930718031834,16.40740740740741,0,1.9781984337382508,8,2,auto_valid_constraints
italy_serie_a,Italy Serie A,by_league,cremonese,27,1.8518518518518519,0.10823558049852482,0.09457887791221123,0.30444554362683013,0.45655998755413957,0.6269167804255523,-5.868577203786755,-0.030724312669681505,665.2685185185185,-0.4296984513800383,17.11111111111111,1,2.1208322324898234,12,2,auto_valid_constraints
italy_serie_a,Italy Serie A,by_league,fiorentina,27,2.0,0.15298529951249482,0.06816064865721615,0.2781537011170878,0.4619060959381325,0.612389141496693,4.065032215824638,0.14271547165031878,1193.0185185185185,-0.44887710734143066,14.925925925925926,0,4.232839721297211,8,2,auto_valid_constraints
italy_serie_a,Italy Serie A,by_league,genoa,27,2.037037037037037,0.13757397584531308,0.027510484966625316,0.3068920127008923,0.4596396879594484,0.6445164208013627,-0.5469677014957801,-0.054845583420674596,910.6203703703703,-0.4412010305814758,17.25925925925926,1,3.7773736805073543,12,2,auto_valid_constraints
italy_serie_a,Italy Serie A,by_league,hellas_verona,28,1.4642857142857142,0.10124700254205052,0.10016361843284918,0.20002219374391317,0.44090303550145177,0.5221325337558369,-5.415975551463787,0.04134602147919639,697.6634615384615,-0.4204579702383022,17.846153846153847,1,3.1840325628455193,12,2,auto_valid_constraints
italy_serie_a,Italy Serie A,by_league,inter,28,3.0714285714285716,0.13028875584837227,0.049732479728167286,0.2553318537110159,0.5210810588629871,0.6784067442189641,17.183223988452497,0.002492711652647273,1856.1296296296296,-0.4214698854723389,15.703703703703704,0,3.0782162670539077,8,2,auto_valid_constraints
italy_serie_a,Italy Serie A,by_league,juventus,27,2.6296296296296298,0.1335215507534086,0.06216836279443777,0.2076404198179224,0.5465760037844661,0.5986054963523144,8.491158750093591,0.026619370774580892,1485.287037037037,-0.4222900872993969,16.0,0,1.8952394091493383,8,2,auto_valid_constraints
italy_serie_a,Italy Serie A,by_league,lazio,27,1.6666666666666667,0.09323142805804088,0.06346189235865349,0.2537744587845802,0.4954003093173134,0.5488256907285247,-0.4121975296127625,-0.04665057967521988,992.5370370370371,-0.42296933269743703,18.037037037037038,1,2.7203172251714265,12,2,auto_valid_constraints
italy_serie_a,Italy Serie A,by_league,lecce,28,1.0714285714285714,0.08191783452629134,0.07575757575757575,0.3244285035951702,0.4364010475121586,0.49669754114198555,-2.1908426278796647,0.014127248613211898,764.2685185185185,-0.43271217585902844,15.444444444444445,1,3.3219926309828347,12,2,auto_valid_constraints
italy_serie_a,Italy Serie A,by_league,milan,29,2.7241379310344827,0.1530823181059493,0.09354393941812242,0.24793208667391672,0.5105580944714931,0.668379983004166,5.702976599345743,0.062166561124949664,1215.75,-0.42979583194018245,15.481481481481481,0,1.924391156932858,8,2,auto_valid_constraints
italy_serie_a,Italy Serie A,by_league,napoli,28,2.142857142857143,0.12314731406079231,0.07702547614828316,0.23196406961026841,0.49454100696790754,0.6098464563376844,8.41732061514227,0.10948096354005867,1245.4711538461538,-0.43639577886892084,16.923076923076923,0,2.185848466183009,8,2,auto_valid_constraints
italy_serie_a,Italy Serie A,by_league,parma,28,1.6428571428571428,0.08698242275916533,0.047309906868730385,0.27746547313397446,0.4261472747440526,0.5394379351150363,-1.3005163224870204,0.031580617683977345,877.7962962962963,-0.44120997316256233,16.22222222222222,1,2.5657553131969224,12,2,auto_valid_constraints
italy_serie_a,Italy Serie A,by_league,pisa,27,1.5925925925925926,0.1120827600545305,0.06523168189834855,0.28484077650744316,0.4242048075381409,0.6711156127822795,-4.729662929662929,0.14031992543365096,712.5833333333334,-0.4327314760845049,16.074074074074073,1,3.1962850701716863,12,2,auto_valid_constraints
italy_serie_a,Italy Serie A,by_league,roma,27,2.6666666666666665,0.11845189364445911,0.06615296494523545,0.2634696333367831,0.5188754258802568,0.6559213465010566,8.627437235149594,0.00823297827801655,1289.3333333333333,-0.4223159372293689,17.074074074074073,0,1.787108066156631,8,2,auto_valid_constraints
italy_serie_a,Italy Serie A,by_league,sassuolo,27,2.2222222222222223,0.13298723612023494,0.1147501675279453,0.2292676459343126,0.49594274038718483,0.5676200342867009,-1.008273848921997,0.03637862791835351,733.9537037037037,-0.43883061906444304,17.37037037037037,1,2.869683974673491,12,2,auto_valid_constraints
italy_serie_a,Italy Serie A,by_league,torino,27,1.6296296296296295,0.11561222338404506,0.0978895324311561,0.20727492656027224,0.494717186392453,0.5946604399562775,-2.3904668537315312,0.03773043111849792,837.0370370370371,-0.4251055841633971,17.77777777777778,1,2.570661043639075,12,2,auto_valid_constraints
italy_serie_a,Italy Serie A,by_league,udinese,27,1.6666666666666667,0.12192034222939244,0.09225217437777823,0.2665533965050873,0.45987344199904584,0.5627748928473566,1.1079815021562203,0.03920159298787474,848.7037037037037,-0.4449580623114781,17.037037037037038,1,1.8431821966088338,12,2,auto_valid_constraints
spain_la_liga,Spain La Liga,by_league,athletic_club,26,2.3076923076923075,0.12627818927789175,0.03231853616469,0.21591969080508017,0.5113571826152202,0.6146855441732199,6.674426284472277,0.01569420597725456,1198.2403846153845,-0.4535078952457796,17.576923076923077,1,1.7784599421989598,9,4,auto_valid_constraints
spain_la_liga,Spain La Liga,by_league,atlético_madrid,26,3.1153846153846154,0.12385840857642554,0.07143015382981938,0.22092536783172234,0.5433406940513964,0.6516951600981701,7.895445538393684,-0.050517650695198354,1393.8653846153845,-0.45202063120381575,16.03846153846154,1,2.8628436241735424,9,4,auto_valid_constraints
spain_la_liga,Spain La Liga,by_league,barcelona,26,4.6923076923076925,0.15893022872599596,0.04763784045904787,0.22480827838025977,0.5849090784230103,0.6217243416198526,16.563250982374246,-0.06366681590909183,1978.3461538461538,-0.41740916599306677,13.0,2,1.5124788800849636,2,4,auto_valid_constraints
spain_la_liga,Spain La Liga,by_league,celta_vigo,26,2.269230769230769,0.15050857989580446,0.10069595437242494,0.17569146539734776,0.5855284421460891,0.5738695944578297,-1.682609834536037,0.03515904849585067,868.3365384615385,-0.4280991122636844,18.23076923076923,3,2.2277172404095493,4,4,auto_valid_constraints
spain_la_liga,Spain La Liga,by_league,deportivo_alavés,26,2.076923076923077,0.1362155550211609,0.059126839098558544,0.2831953701282708,0.44181548417050914,0.573137572054576,3.856164525379294,-0.017359745155399477,1049.798076923077,-0.4437959551037761,17.5,1,1.7836469093651275,9,4,auto_valid_constraints
spain_la_liga,Spain La Liga,by_league,elche,26,2.230769230769231,0.12199609504271657,0.04631410256410255,0.2082978892650838,0.5818139847834418,0.6081580686784307,2.8604419115010185,0.0398034576010098,1080.8173076923076,-0.4608855763394627,17.5,1,2.111777368539671,9,4,auto_valid_constraints
spain_la_liga,Spain La Liga,by_league,espanyol,26,2.423076923076923,0.125128156598382,0.07282147676884518,0.31403537123351366,0.4368154076745408,0.6218713261282921,0.9776341561703401,0.02213296689995505,935.4519230769231,-0.4573343876865593,17.846153846153847,1,1.8218925080450075,9,4,auto_valid_constraints
spain_la_liga,Spain La Liga,by_league,getafe,27,1.0740740740740742,0.08916509430059984,0.027540759893701063,0.3747931806755336,0.37366097954333244,0.5901943644590703,-2.564687235893401,0.05878165792774169,760.9038461538462,-0.4298738752918736,16.923076923076923,0,3.269575363770412,5,4,auto_valid_constraints
spain_la_liga,Spain La Liga,by_league,girona_fc,26,2.230769230769231,0.15499166199333297,0.08151047670278438,0.23493301570224645,0.5207707890400198,0.559205111128188,-3.895583680920219,-0.0633245126952134,835.7019230769231,-0.45284117331657553,15.615384615384615,3,2.241509956107024,4,4,auto_valid_constraints
spain_la_liga,Spain La Liga,by_league,levante_ud,27,2.2222222222222223,0.1374565957540291,0.11132467959391033,0.28546007160260556,0.3947796735692663,0.6186433570200538,-3.973467481173929,-0.004657989868409,739.8173076923077,-0.4195445097235175,15.692307692307692,0,2.196118751937127,5,4,auto_valid_constraints
spain_la_liga,Spain La Liga,by_league,mallorca,26,1.6923076923076923,0.12009355400210951,0.06677489177489176,0.27327845608388596,0.4989802115933338,0.6670568496360351,-4.6335924260924255,-0.030809451677964006,712.2596153846154,-0.43081669490490443,17.03846153846154,0,1.7298381978194892,5,4,auto_valid_constraints
spain_la_liga,Spain La Liga,by_league,osasuna,27,1.8888888888888888,0.11008772442397642,0.09532289291904675,0.26442721745323555,0.42158520212818856,0.6773596941017755,-1.1821259958880155,0.06248015682560437,817.2884615384615,-0.43391620374957923,16.26923076923077,0,1.7687480978003536,5,4,auto_valid_constraints
spain_la_liga,Spain La Liga,by_league,rayo_vallecano,26,2.1923076923076925,0.13072829649849296,0.07226515526172275,0.30042010481255327,0.44530819803131017,0.500119117470376,4.559574601508631,0.09235236315601002,1088.6,-0.45241199165056173,19.24,1,3.2044622072299207,9,4,auto_valid_constraints
spain_la_liga,Spain La Liga,by_league,real_betis,26,2.6923076923076925,0.12247129669055916,0.139738814776026,0.19348977165589815,0.504924749564713,0.5686333425132518,1.4976630151042716,0.028138624161201838,1003.6057692307693,-0.4541917340256253,17.53846153846154,3,2.070141854116405,4,4,auto_valid_constraints
spain_la_liga,Spain La Liga,by_league,real_madrid,26,4.115384615384615,0.16671182668654883,0.0706955419565047,0.26381663153130475,0.5392061541053537,0.572191907271507,12.927879677739865,-0.0265244798301934,1712.125,-0.4292579233674863,15.307692307692308,2,1.5124788800849613,2,4,auto_valid_constraints
spain_la_liga,Spain La Liga,by_league,real_oviedo,26,1.4615384615384615,0.11640579724619401,0.06923137973137973,0.26197435897435895,0.44579792429792425,0.617489010989011,-2.881239175639176,-0.022953771322807244,684.82,-0.42192774663760735,17.2,0,1.1979769655440635,5,4,auto_valid_constraints
spain_la_liga,Spain La Liga,by_league,real_sociedad,26,2.576923076923077,0.13124327507600286,0.08449603531675348,0.2831020278426234,0.4323182977909258,0.6489937687994678,4.288183608992019,0.030832768056433167,1086.8461538461538,-0.45496662730841375,17.192307692307693,1,1.712266454515902,9,4,auto_valid_constraints
spain_la_liga,Spain La Liga,by_league,sevilla,26,1.6538461538461537,0.09898941060127285,0.09755370976106761,0.24332982559989247,0.47376011669489926,0.5958072580522413,5.0947505174668635,0.002230116175703267,1080.3173076923076,-0.4652441140597545,17.346153846153847,1,2.1031079865820668,9,4,auto_valid_constraints
spain_la_liga,Spain La Liga,by_league,valencia,26,2.0,0.1364537709116053,0.07942130059747349,0.23017747910579534,0.49609020134294013,0.6027660282944279,-0.4993953614782235,0.2174703471777629,847.4134615384615,-0.45895998455108206,15.692307692307692,1,3.294239855273563,9,4,auto_valid_constraints
spain_la_liga,Spain La Liga,by_league,villarreal,27,2.925925925925926,0.15539204894109496,0.13382748099853362,0.23203104924764842,0.44406798947790854,0.6596041216992634,-3.8357808572631447,-0.09924777395408829,899.625,-0.44234817559064515,17.884615384615383,3,2.612426246634372,4,4,auto_valid_constraints
